{
  "task": "classification",
  "accuracy": 0.5564917656070472,
  "report": "              precision    recall  f1-score   support\n\n           0       0.51      0.35      0.42      1176\n           1       0.58      0.72      0.64      1435\n\n    accuracy                           0.56      2611\n   macro avg       0.54      0.54      0.53      2611\nweighted avg       0.55      0.56      0.54      2611\n",
  "pred_prob_mean": 0.5679394327351562,
  "roc_auc": 0.565235606437697,
  "confusion_matrix": {
    "tn": 414,
    "fp": 762,
    "fn": 396,
    "tp": 1039
  },
  "test_start_season": 2016
}