{
  "task": "regression",
  "mae": 0.44330114449213165,
  "r2": 0.9815042150978294,
  "test_start_season": 2024
}